label,class_group,n,snr_db_mean,snr_db_min,snr_db_max,doppler_spread_hz_mean,md_bandwidth_hz_mean
CR,reflector,3280,63.66,32.6,79.2,78.1,2280.8
human_walk,human,4529,50.29,22.92,84.5,240.5,2316.9
human_run,human,1499,46.73,24.2,77.79,434.1,3771.1
pigeon,bird,32,46.13,30.93,60.0,269.9,2417.4
D2,drone,9555,45.09,16.58,59.48,477.2,3263.3
D6,drone,11252,41.91,18.33,55.15,709.0,2853.0
raven,bird,19,40.41,34.4,53.12,578.8,3391.8
D4,drone,8735,39.54,14.78,54.01,932.7,2844.7
D3,drone,10212,38.81,14.08,63.44,598.7,2013.8
D1,drone,6921,37.19,8.27,59.3,777.8,1425.4
D5,drone,12093,34.79,12.72,57.99,1115.1,3094.6
black-headed gull,bird,4364,32.14,16.17,61.5,850.3,1206.4
seagull,bird,2550,31.86,9.65,58.47,897.3,1093.2
seagull and black-headed gull,bird,440,30.26,17.16,50.18,991.2,784.7
heron,bird,387,25.82,15.6,42.96,1365.9,722.1
