measurement_id,label,n_segments,duration_s,segments_per_s,range_min_m,range_max_m,split_grouped
28,D5,4190,424.8,9.86,26.4,97.2,1
20,D3,3639,364.7,9.98,15.1,28.3,1
21,D4,2759,277.3,9.95,11.3,35.8,1
27,D5,2751,356.6,7.71,37.7,87.7,1
17,D3,2699,269.8,10.0,28.3,29.2,1
23,D4,2669,267.3,9.99,10.4,58.5,1
26,D5,2590,265.2,9.77,24.5,86.8,2
25,D5,2562,336.4,7.62,7.5,58.5,3
18,D3,2469,247.3,9.98,57.5,59.4,2
12,D2,2429,242.8,10.0,22.6,24.5,1
13,D2,2423,242.2,10.0,46.2,47.2,1
11,D2,2414,241.3,10.0,33.0,34.9,3
22,D4,2350,254.7,9.23,14.2,69.8,2
38,D6,2053,208.9,9.83,7.5,26.4,1
14,D2,1734,173.3,10.01,31.1,32.1,2
19,D3,1405,156.0,9.01,9.4,70.8,3
2,D1,1349,134.8,10.01,74.5,76.4,1
42,D6,1309,132.8,9.86,7.5,36.8,1
1,D1,1254,129.8,9.66,115.1,117.0,1
7,D1,1249,124.8,10.01,58.5,60.4,1
